Î¸,SC,BCC,FCC
2.0,2.308658291846775,1.8703969129801887,1.7643272082296682
2.2102628285356696,1.7764414133143893,2.1007797281798717,2.4997147882745083
2.420525657071339,1.8933435461640034,2.1414099493756673,2.23007237470458
2.6307884856070087,1.9471376363203865,1.6223417035644472,1.902213528146306
2.8410513141426783,2.019703977043923,1.7937504241971236,1.7948443075968763
3.051314142678348,1.8794203676919954,2.237849745129543,2.067025245664104
3.2615769712140175,2.0335768160271397,2.048371565533772,1.7274377552360256
3.471839799749687,1.9467468965827943,2.1775443561455474,2.1120479882918173
3.6821026282853566,1.840753513251308,1.9759674183710414,1.9290428089860485
3.892365456821026,1.8329839495213276,2.024949459232361,2.030404922843027
4.102628285356696,2.1232523871448796,2.109677394435253,2.0793545663843567
4.312891113892365,2.2256176136437666,1.8300332880684789,2.015286198199204
4.523153942428035,2.1245420438281357,2.344014566528224,2.040229640668406
4.733416770963705,1.8265423854065261,2.3395111585106956,1.9385728491400334
4.943679599499374,1.9343138145146028,1.8863950785960397,2.300399947532531
5.1539424280350445,2.346233347087785,1.8238930203277146,2.1390549056591497
5.364205256570713,2.1381276786346097,2.151814694359769,1.8838316322071211
5.574468085106383,1.863562812990642,2.295524648293103,1.9399079604801948
5.784730913642052,2.0714589610863317,1.6551966302168746,2.206418428446178
5.994993742177723,2.104523896874908,2.236874531192117,1.9128520959136175
6.2052565707133915,1.9490127617082076,1.7762146328554436,2.1174425773712207
6.415519399249061,2.3033636627127945,2.5140326593133597,2.2556676709166825
6.625782227784731,1.7507164472562262,2.3474581092823956,2.1446950879032163
6.8360450563204,2.1737599419599833,2.351294790606324,1.997328210846697
7.04630788485607,1.973377849232401,2.315461774920304,2.075541414096279
7.256570713391739,2.1751582995585856,2.260582733536632,1.9977089338740424
7.46683354192741,2.1355627609849366,1.968236249013917,2.488997579453181
7.6770963704630795,2.212233511602102,2.3686825896168626,2.2411134800960286
7.887359198998748,2.0801721925352585,2.4324240986809804,2.441781301973571
8.097622027534417,1.9652795646910899,2.269180269557046,2.4636042741532145
8.307884856070089,2.4746634708620068,2.55527966118909,2.0078378581831697
8.518147684605758,2.266983927148968,2.170025947968706,2.0754706042594435
8.728410513141426,1.7978006441837169,2.105002056177978,2.281790222953497
8.938673341677095,2.5561190532807285,2.2078480715911786,2.381323435202942
9.148936170212766,2.648030469780984,1.8386017069710596,2.085659603373034
9.359198998748436,1.9785919455406193,2.5634923805566965,1.6299556761818037
9.569461827284105,2.233643196899427,2.195089697180231,2.1227277728286333
9.779724655819775,2.139779981388305,2.303607116671298,2.052585207880509
9.989987484355446,2.2725367123379177,2.199161313420499,2.0153022938253984
10.200250312891113,2.2522782349813926,2.468869789630401,2.1363331177908003
10.410513141426783,2.3138271750070687,2.2010145000105745,2.4130975987608867
10.620775969962454,2.3261472095717015,2.5700695516450396,2.1474422514283096
10.831038798498122,2.561074056755846,2.310992205974324,2.3879068320568626
11.041301627033793,2.546083034590197,2.2088229709753304,2.344596855268132
11.251564455569461,2.3896412869001034,2.564359705185634,2.0972397458291496
11.461827284105132,2.1337300377236383,2.0744328169407438,2.2869975351328895
11.6720901126408,2.4703461897143617,2.0286515521124984,2.5621448130094593
11.882352941176471,2.0422059236418444,2.1811013733239024,2.386544491358935
12.092615769712141,2.47604764283595,2.6428465285544203,2.5600244940866923
12.302878598247808,1.835715632383277,2.4526915788835244,2.1199851968154464
12.513141426783479,2.2036081941841523,2.202345265762052,2.438638510141896
12.723404255319148,1.9911278691398366,2.160840454125133,2.097161019928903
12.93366708385482,2.357311061019998,3.10157762297941,2.144104939359524
13.14392991239049,1.9752882050074954,2.40500710838659,2.1470195646883004
13.354192740926157,2.300650002655045,2.004913306249899,2.711421738602789
13.564455569461828,2.4576448788183587,2.303689070953806,2.2818437519178643
13.774718397997496,2.453701272459301,2.584908284761875,2.339689408147624
13.984981226533167,2.358029916056417,2.6426926545201828,2.1282739552610783
14.195244055068835,2.226198460926266,2.3408484799208886,2.274929503155646
14.405506883604504,2.446335532299322,2.161643805160865,2.671378640385675
14.615769712140176,2.3774495119566335,2.1953599927610923,2.1119129910307577
14.826032540675845,2.5652809841978432,2.6621834333863514,2.710291844780535
15.036295369211516,2.073099423796439,2.639371121967657,2.428196910709015
15.246558197747184,2.712208365562304,2.630421759040167,2.7601029281494824
15.456821026282853,2.7349784116171953,1.7780411825521543,2.7495055720353756
15.667083854818522,2.1332937040320377,2.6152630903463887,2.2835900983308015
15.877346683354192,2.286686447035305,2.3505268322615867,2.4198345095254266
16.087609511889863,2.5904503863461743,2.209403312599924,2.5745975741050318
16.29787234042553,2.1680024484422216,2.257702644919213,2.299330099402348
16.508135168961203,2.381800886218261,2.1564996519769903,2.26556904082103
16.718397997496872,2.441212895179348,2.458507254805265,2.46166911383602
16.92866082603254,2.1386282284762976,2.966231135742589,2.095592557884492
17.13892365456821,2.6249494836923635,2.0960532679725175,2.868600885576296
17.34918648310388,2.430356569882478,2.269872433228104,2.5470844488256557
17.55944931163955,2.3716744856890837,2.2548697749446163,2.416457829545086
17.76971214017522,2.512317079421759,2.5965360642881175,2.0645923154033605
17.97997496871089,1.937978919295887,2.4364582015914653,2.3907653655867027
18.190237797246557,2.6550327679061234,2.7937008021000063,2.3009615504614556
18.400500625782225,2.4722890072320713,2.45029103062407,2.471416571069412
18.610763454317897,2.0871412613747,2.1083913229352698,2.4220585022583956
18.821026282853566,2.2285691479737313,2.5403922834912795,2.3511510010352166
19.03128911138924,2.4903987155010796,2.0803307423975173,2.394649506054558
19.241551939924907,2.333215713194891,2.1785297861585726,2.051210990914377
19.451814768460576,2.6159242706070063,2.4847635218328095,2.5235341707079217
19.662077596996244,3.091329609404439,2.8601973794782216,2.4568243280251334
19.872340425531913,2.322436945196427,2.1638549277639387,2.241243547749653
20.08260325406759,2.5452455266885345,2.8918684372818735,2.2511109822210846
20.292866082603254,2.3374893829995984,2.2134316924041446,2.2275000285678432
20.503128911138923,2.6866222202141916,2.394743627875816,2.298270357573146
20.713391739674595,2.5031619358500152,2.370703551038791,2.808500644222582
20.923654568210264,2.522969879323516,2.249190068414005,2.2296776405463907
21.133917396745932,2.5148430593116977,2.9968911378782863,2.6540672477329834
21.3441802252816,2.9274005431856245,1.8141047152795629,1.9667055168468504
21.55444305381727,2.299654127504111,2.3379776629411944,2.5943893956418465
21.764705882352942,2.711919883922482,2.605640595559484,1.788480295655093
21.97496871088861,2.7768908828873036,2.45943253749932,2.5192884927833794
22.185231539424283,2.8114424441611336,2.1046739390448157,2.465470834734484
22.39549436795995,2.5360662903653015,2.584558285736981,2.2579413614765187
22.605757196495617,2.286609729743288,2.3609385728872323,2.1360387104320284
22.81602002503129,2.46302343462465,2.1896526909473426,2.601095794472457
23.026282853566958,2.499620304518798,2.7053487949317034,2.571717016124071
23.23654568210263,2.178061957128372,2.212186805909208,2.5074889591024716
23.446808510638295,2.110275051107473,2.6914459759046028,2.8977802772222048
23.657071339173967,2.624327740876993,2.295774051526087,2.298715388100531
23.86733416770964,2.8955353373504362,1.8411003101966097,2.4567271853993384
24.077596996245305,2.62315230138728,2.964186039493355,2.551984764952174
24.28785982478098,2.3998789598443646,2.8735244839774268,2.8619353484487062
24.498122653316646,2.350566883809742,2.5902504721476283,3.018968145615149
24.708385481852314,3.0276121280218886,2.6513487008602574,2.4837418430875418
24.918648310387983,2.534359072475909,2.60749455989011,2.8267465483135616
25.128911138923655,1.9600762675406938,2.1985953960643045,2.775948989066062
25.339173967459327,2.872403118723868,2.84736770881419,2.69227836763031
25.549436795994993,2.34311944238242,2.498328372685501,2.1460700589703636
25.759699624530665,2.6754576570143684,1.9063690090662933,2.299404384129264
25.969962453066334,2.8130343722997426,2.747944794757204,2.501344463735419
26.180225281602002,3.476502556784418,2.7507611935931386,2.5371858484122494
26.39048811013767,8.429704616145523,2.5797006257837642,3.0002868744329025
26.600750938673343,19.828728478330184,2.5949857060278525,2.584051009284217
26.81101376720901,7.672148644403561,2.505834024090915,2.6552273315166786
27.02127659574468,3.324906294164565,2.892890995659999,3.043872685767336
27.231539424280353,3.1900479554129375,1.7287102040940403,3.148274782097259
27.44180225281602,2.6648431675297486,2.991890562115934,2.8516054510786066
27.65206508135169,3.216031676119599,2.9684283957354545,3.042897086683275
27.862327909887355,2.720646952217033,2.593304762988578,2.7688284545509414
28.07259073842303,3.201355633566733,2.215309104695935,2.6742344475316893
28.282853566958696,2.32576005935355,2.712073173170777,2.575443458165311
28.49311639549437,2.7639764858880356,2.7693307845208595,2.743556190582255
28.70337922403004,2.774154128310472,3.0052365513179766,2.5797775993263463
28.913642052565706,2.5508308330408114,3.031332713479612,2.2611981339714236
29.123904881101378,2.794138422467382,2.972761425857533,2.182240320833446
29.334167709637043,2.9489553398100212,2.8262848130340874,2.6021743978935166
29.54443053817272,2.9896766341819174,3.4292556898912974,2.810624400574595
29.754693366708384,2.2982702809963986,2.9901039436864885,2.4947125080752723
29.964956195244053,2.1893913742441917,2.37533922916532,2.3013359515727476
30.17521902377973,2.552024036988272,2.422852452828421,2.7921732774398578
30.385481852315394,2.4423817243715744,2.8794571767887547,2.5587540815926664
30.595744680851066,2.6439494330239577,2.7450549819921837,2.4277640226782933
30.80600750938673,2.770556739477298,2.7452039992825576,2.5011315911970406
31.016270337922403,2.139744600766527,2.6816581259014334,2.9237807303709458
31.226533166458072,2.3798500892952776,2.865057664907058,2.5105856344261834
31.43679599499374,2.625974131105056,2.5078635037835793,2.801732158985011
31.647058823529417,2.5822228014139053,2.433890829668841,2.3383821881375475
31.85732165206508,2.285612397589085,2.859805121069198,2.5779980662424755
32.06758448060075,2.795198078529434,2.7856209976410247,2.8414080999584757
32.27784730913642,2.5944093917117175,2.722519391503644,2.51208098844852
32.488110137672095,2.881039959554613,2.5477981420797637,2.5781431462577786
32.69837296620776,2.716277567484156,2.596093074714809,2.3870973495806256
32.90863579474343,2.7046465709100143,2.455385731560517,2.6713972271188444
33.1188986232791,2.5712635886563953,2.516581193041714,2.6402392794309084
33.32916145181477,2.5632601234133268,2.291455860645264,2.7127249461249847
33.53942428035044,2.2985199887513206,3.114746893814104,2.8637784472645538
33.74968710888611,2.824882944704028,2.7566718311460336,3.0218422149326005
33.95994993742178,3.182220033434135,2.749340809165791,3.025845550038935
34.170212765957444,2.6517569026015857,2.863433366810149,2.5125550977085735
34.38047559449311,3.494049277328167,3.483625431815227,2.6781630874748363
34.59073842302879,2.4601395097269165,3.0156067172511185,2.2799597022346276
34.80100125156445,3.1970903592099407,2.211304721391978,2.479771707555127
35.011264080100126,3.2722950154469257,2.475048088624948,3.002068583960374
35.221526908635795,2.1761064425396826,2.7606865228475264,3.029886119408083
35.431789737171464,2.749696367925103,2.7239418005282046,2.8355812925208808
35.64205256570713,2.765694393459303,2.379746303340096,3.2518107569289025
35.8523153942428,2.758992758014033,3.494851834457613,2.3930471557754904
36.06257822277848,2.8390129240303774,2.276667655946386,3.119362682944901
36.27284105131414,3.2496879735244457,2.944538202412971,2.330721884143967
36.483103879849814,2.8425772117906227,2.7172445691961147,3.012035245165399
36.69336670838548,3.4941924520269962,2.547334265987193,3.03601879577564
36.90362953692115,3.8058839226476446,2.529949589535362,2.648743591279547
37.11389236545682,2.9988778407985395,2.943974500255878,3.0252782055696206
37.32415519399249,3.955195351837764,2.7881753841840733,2.6941199132718445
37.53441802252816,4.260849393589373,2.8831266830128164,3.1662741360617876
37.744680851063826,12.594119348787661,3.4125012360856797,3.1680555094142733
37.9549436795995,37.70423920982676,2.664154183001575,3.9304749185013033
38.16520650813518,13.258379236019708,2.209563255671821,5.412818771535582
38.37546933667084,4.88351115698835,2.6718565914415895,13.454863747231276
38.58573216520651,3.282856510435972,2.2609834870727537,21.092630114272765
38.79599499374218,3.4190382106492034,2.7456658636595694,7.771260105265285
39.006257822277846,3.456076872315957,3.2967574048256134,3.5734671126008646
39.216520650813514,2.0268764699037294,3.0085538623650057,2.89073514303835
39.42678347934919,2.9324910362182406,2.6703598553481616,2.5094713304861176
39.63704630788485,2.5911634932635694,3.04704345960314,3.059910768932029
39.84730913642053,3.393718889835881,2.829235956969496,3.164222134573991
40.057571964956196,2.9936587246871413,2.942894421800144,2.9350468441553845
40.267834793491865,3.321454947755397,2.632345787323198,2.9783300550477048
40.47809762202753,2.916632636405032,3.2502645332730355,3.4498971685002884
40.6883604505632,2.957323508916104,2.7094610477076255,3.273018411685183
40.89862327909888,3.1374261637150784,2.785874513493826,3.2654988532264597
41.10888610763454,2.781733299997873,3.0947681467696824,2.48757248193199
41.319148936170215,3.083685245101552,2.8999735469646186,3.1198091481436325
41.529411764705884,2.914747447268871,2.331571794502172,2.5810126912799154
41.739674593241546,3.0430077556006614,2.383434388885952,2.4894399204786524
41.94993742177722,3.2193756757138727,2.61536038548768,2.8172530306150025
42.16020025031289,2.9733046264854224,3.363673807003976,2.9507042015797027
42.370463078848566,2.932671755329597,2.5237460247132595,2.9580597648475324
42.58072590738423,2.587112962337311,2.553455060950748,3.131157040518066
42.7909887359199,2.722490170017771,2.7937881530447615,2.5191728515361143
43.00125156445557,3.3964282987863186,2.777752354438014,2.8490791804809343
43.21151439299123,2.7634054031606348,2.6203872605024228,3.504435955838434
43.42177722152691,2.642637968506649,3.018803673049333,3.086393413340815
43.63204005006258,3.08454015252385,3.6364691144900476,2.8404833833716765
43.84230287859824,3.4487715608886744,3.751471217792657,3.2257722606870693
44.052565707133915,2.6400288591589987,3.4263646378619446,3.474292292296027
44.26282853566959,3.1294356650071786,3.376385215824869,3.7146125150803244
44.47309136420526,2.8499277554243596,4.548230142895097,5.566196277321617
44.68335419274092,2.731401871468784,15.284757322754555,11.07921427810435
44.89361702127659,3.1893330205580908,32.38090321261164,12.324434742900037
45.10387984981227,3.1890946563904032,12.370997463314612,5.436838474156927
45.314142678347935,3.0843302162044575,4.1267019888739105,3.7286698708997625
45.5244055068836,3.10502129458814,2.6252274708415597,3.5755176051055226
45.73466833541928,3.2140639176060235,4.043331400024324,3.5368204651840185
45.94493116395495,3.148823824800307,3.3218505822510824,3.2994026891812274
46.15519399249061,3.9341247556368875,2.732696837216671,3.1654267958772113
46.36545682102628,3.8467691914572804,3.072836470385723,3.3210210151405306
46.57571964956196,4.951270724266158,2.672066393963315,2.512009978210582
46.78598247809762,14.639213188839898,2.8921768682894324,2.9710866106012706
46.99624530663329,16.608167554225144,2.7913369324213404,3.2009562603689568
47.20650813516897,9.40555364390424,3.5789155624685067,2.7488630180476803
47.41677096370463,4.756793568352457,3.1827437609819436,2.9861488157172253
47.6270337922403,2.566854203143102,2.6751768579000497,3.4228528416416255
47.837296620775966,3.7307442753701743,2.633303708862079,3.4399044396418827
48.04755944931165,3.690820630723852,2.939706054105027,3.3192527271983012
48.25782227784731,3.153446700139769,3.0243804733630553,3.3367668037202134
48.46808510638298,2.4272096542385673,2.8613597058169415,3.4730118797319864
48.678347934918655,2.7248234668216735,2.8632335618424922,3.0809211084815558
48.88861076345432,3.115097462187565,3.1995535070182917,2.791886009625329
49.098873591989985,3.1041894038370828,2.9057749337642105,2.9279016509182116
49.309136420525654,3.0589490902626912,3.015698199449845,2.979825331602551
49.51939924906133,3.0314726652622555,2.932315299547577,2.672808623951249
49.729662077597,3.1579925290866755,2.84013314144651,3.1564250596687833
49.93992490613267,3.3841842798915573,3.435972800361572,3.225876421853481
50.150187734668336,3.0154055095956016,3.014366770518784,3.5293870239587766
50.360450563204004,3.1009655837894785,3.5605178235405153,3.138216500501857
50.57071339173967,3.1696918281926902,3.0284899196124218,3.2169749898885605
50.78097622027534,3.0906410421705193,2.9468932825171463,2.7770318915893264
50.99123904881102,3.396477597317529,3.555004540561082,3.4860297230563058
51.201501877346686,2.942300317328061,2.772226311271237,2.820020350196582
51.411764705882355,3.282480472234793,3.112652349601969,3.3444145170260122
51.62202753441802,2.5123073375192866,3.1080181410507177,3.378375555092797
51.83229036295369,2.582394541318109,3.4454754382927266,3.420165423982457
52.04255319148936,3.0769462138106842,2.8732192044019165,2.832926819827666
52.25281602002502,3.313702501096882,2.680765056869688,3.248144642349518
52.463078848560706,3.2280020851109104,3.057322942765209,2.988805568199764
52.673341677096374,3.1378010892279633,2.4906218497927632,3.274950369716766
52.88360450563204,3.4288093073297388,3.199710563098599,3.0312330294796945
53.093867334167705,3.047928978053835,3.3386545808570145,2.4699834370084472
53.30413016270338,3.1292307342914563,3.2045696864183912,3.098126735568129
53.51439299123905,3.1837631467627627,3.2206613281470307,2.7540291259499474
53.72465581977471,3.2711165746786404,2.904945970510992,3.443572996305623
53.93491864831039,3.7392613049513157,2.4774925857267824,2.9791288820293578
54.14518147684606,3.3077961783691845,3.024850910296939,3.1797722171771414
54.355444305381724,4.659067600570509,3.8283433361742136,3.3372881073504583
54.56570713391739,8.204219415087277,2.7814635936083816,3.048583709720592
54.77596996245307,15.232166236949965,3.3926403043453446,3.1097160808283304
54.98623279098874,7.444942732039072,3.664246865968288,3.4751074552490886
55.1964956195244,5.047173029239257,3.261361314294014,3.548378185492799
55.40675844806008,3.5686713249702033,2.644544425899237,3.128945199874798
55.61702127659575,3.1694580850369385,3.2242630180732648,3.3012663366189092
55.82728410513141,3.4032504380569595,2.746854040659827,2.6597631562919077
56.03754693366708,3.64771057281151,3.1079226890753042,2.751020896205906
56.247809762202756,3.823803069910057,3.2010712147079206,3.6803344651847487
56.458072590738425,3.149694224197817,3.4014973160137134,3.1428615265288116
56.66833541927409,3.1751159343746336,3.066737053220372,2.6597225050183124
56.87859824780977,3.622431526507102,3.087858201340666,2.9391855547152295
57.08886107634544,3.971391161840787,3.624747221195588,3.2440266778418385
57.2991239048811,3.3276623184615484,2.7417059489900955,3.4365183424778367
57.50938673341677,3.466630462420553,2.7296998967082953,2.9067080606290405
57.719649561952444,3.177509085644903,3.4841672227428098,3.367956167858131
57.929912390488106,3.2986559886133056,3.7465430163981948,3.545713782335889
58.140175219023774,3.4833703130643476,3.104928963393786,3.0351861621829217
58.35043804755946,3.167405017545928,2.8527890060067724,3.2662716312750844
58.560700876095126,2.9319419902633403,3.7916454823793946,2.9248920251334902
58.77096370463079,3.5375685650878994,3.178714234410173,3.6788391366669133
58.981226533166456,3.4013941477814136,3.330948880032019,2.7750027812500115
59.19148936170213,3.68262583443903,3.515716526915802,3.597280389103949
59.401752190237794,3.671922943492575,2.8437986861430415,2.9683256100402207
59.61201501877346,3.1721962597684557,3.068342641178962,3.5080932260980457
59.822277847309145,3.2662389972294963,2.7357869030395574,2.572594924491777
60.03254067584481,3.985857904801745,3.6608167593301633,2.7364102886331594
60.242803504380475,4.028951687634346,3.58940976752458,3.2847008197957184
60.453066332916144,3.3403243265568094,3.2846810298081555,3.249339463754267
60.66332916145182,3.708502400070544,3.750221073210373,3.6962275524305577
60.87359198998748,4.281145325635945,2.9172107201893525,3.30647004657602
61.08385481852315,4.267328868657615,3.047070179031161,3.5451000398204813
61.29411764705883,5.448810133493408,3.7287496519812904,3.4089295572313447
61.504380475594495,11.707021028352722,3.460326312084825,3.2034186216852674
61.71464330413016,33.473986257987086,3.078291643821683,3.38826017809908
61.92490613266583,48.06428864487677,2.7395504885825166,3.2518112244599706
62.135168961201494,22.818603087714887,3.429306043633319,3.347596986490358
62.34543178973717,7.814053846316313,3.6609907951485363,2.8712285505058346
62.55569461827284,4.64886196961094,3.1133905428696274,4.135897041297166
62.76595744680852,4.186796974767231,2.8809518832741765,3.6205070461272086
62.97622027534418,3.4460723311057104,3.4479761160029887,3.3592809189192154
63.18648310387985,3.1484237283079275,3.8227421171941485,3.636877114104932
63.39674593241552,4.137374115932034,2.8541847851116575,3.652134572881711
63.60700876095118,3.288393344120175,3.1728132902970567,3.7476420808489466
63.81727158948686,3.478322664957642,3.259128408965285,3.3819395329248034
64.02753441802253,3.349750662513194,3.2485357253595626,3.2308130579505097
64.2377972465582,3.2195829676405854,2.9193850498835205,4.268834083384209
64.44806007509388,3.312683720838148,3.2912554165672567,3.4048520881957196
64.65832290362954,4.0237150076273975,3.0238644858190473,4.453097638781113
64.8685857321652,3.467982398900948,4.15936883682098,6.889274022458535
65.07884856070088,3.2620789399920755,8.232156010453739,17.596016080395103
65.28911138923654,3.6688427053557007,16.48467309367967,24.510694177019676
65.49937421777221,3.7638673929563273,11.124854734882781,9.006066159698669
65.70963704630789,4.3671635546624135,5.2589551601443425,5.530504346805033
65.91989987484357,2.826133025750428,3.1246049132645504,3.9828811236006016
66.13016270337923,3.3232013080585516,3.7847532104015973,4.152913223227513
66.34042553191489,3.1195782844905326,2.9997449092979007,3.5803017583412067
66.55068836045056,3.590132327198932,3.3630501003097644,3.116094414805663
66.76095118898623,3.9452088515244417,3.7858447012138017,3.0494472331627196
66.97121401752189,3.5603497045188703,3.072802791346349,3.4230077913704164
67.18147684605758,4.238996416834812,3.3996335318707245,3.266129446709338
67.39173967459324,3.4176441526942587,3.786059146048915,3.8538886899687905
67.6020025031289,4.855208269725754,3.204197721861306,2.892442178671333
67.81226533166459,4.129652027606671,2.86100135502905,3.6612768150373487
68.02252816020025,6.125868582538897,3.0218480140937727,3.3503414566113294
68.23279098873591,13.96052540808904,3.054391260422389,3.2701825138861174
68.44305381727159,30.290792520642317,3.9537677979458614,3.766494316523974
68.65331664580727,40.19778026525144,3.658808433446014,3.533813829294475
68.86357947434293,19.88964786632182,3.4565148260105865,3.1674252793145463
69.0738423028786,7.190810062177957,3.302598914747973,3.867916407839629
69.28410513141426,5.021750273826986,3.473045818100936,3.220002782794868
69.49436795994993,4.145938359073509,2.93188035577635,4.021444570497426
69.7046307884856,4.651234697649277,3.5075652240785167,3.3110096477887914
69.91489361702126,4.04346654009196,3.472939914216114,2.7063683046120013
70.12515644555695,4.047830521946175,3.335787789089345,3.1114841437453893
70.33541927409262,3.289306362735065,3.489015777257343,3.5317985710734616
70.54568210262828,3.9875814187577343,3.165661780885125,3.7714597141559523
70.75594493116397,4.187486807724836,3.9330617039558007,3.942413649650429
70.96620775969963,3.308305971035532,3.0477240604973552,3.6514117470332352
71.17647058823529,2.8537317693787703,3.6265119047813896,3.0894175931000305
71.38673341677097,3.199295178045223,3.353955893276983,2.86759045600523
71.59699624530664,3.7676153776369135,3.521501879807272,3.0345987448759413
71.8072590738423,3.9100887237215796,3.404245867415179,3.907550646428685
72.01752190237798,3.9434933241927714,2.66627491327285,3.0274028737658645
72.22778473091364,3.323728463160465,3.1593217440385617,3.451545939897915
72.4380475594493,3.6845921665999244,3.651046322758396,3.8095099740006084
72.64831038798498,2.871654057581769,3.60682730470535,3.1741312298194586
72.85857321652065,3.6153440572226363,3.4742640594447485,3.464293061016251
73.06883604505632,3.1231719228213324,3.427589286127672,3.074952600193941
73.27909887359199,3.731899377138467,3.746086804335774,3.519500514789879
73.48936170212765,3.1396444157323957,3.568201364662848,3.1869470780527775
73.69962453066333,2.8951753504511357,3.8114600890734622,3.3694543692923724
73.909887359199,2.973775224863662,3.3554461513926097,3.3867568081545905
74.12015018773467,3.101358266077412,3.641630035790628,3.9463592006589034
74.33041301627036,3.2402577474365106,3.9957729667429334,3.6726651831268655
74.54067584480602,3.6956546455975054,3.485398680808659,3.0656566770324494
74.75093867334168,4.089728067225068,3.400901195524415,3.1945212084834296
74.96120150187735,3.456968221411708,3.273718681685858,3.8539732738448067
75.17146433041302,3.567625554490001,3.57400068314089,2.8897219761305113
75.38172715894868,3.1113764575092344,3.4310887713823086,3.6716493314703653
75.59198998748435,3.9216449113364327,3.530000982598553,2.727636217260326
75.80225281602003,3.476440787554374,3.962310647518959,3.7860227923713796
76.01251564455569,3.3126915279174387,3.2486168803402795,3.982205294196366
76.22277847309137,3.6500197569940043,3.628480468670041,4.119208481725794
76.43304130162703,4.410875833605509,3.130688987315132,3.471855812394864
76.64330413016269,2.636488310665289,3.404791097295232,3.762817614641758
76.85356695869838,3.785455950372328,2.7702366259131157,4.059054402549951
77.06382978723404,3.6708647731602264,3.688548391014284,3.928023694460587
77.2740926157697,3.2720922427262216,2.7488246520986177,4.648258560406566
77.4843554443054,3.0690199328442977,3.7002011889843365,3.8601449203416265
77.69461827284105,3.505666196325834,3.2728833274026634,5.561385680603559
77.90488110137673,3.562872558260724,2.7828844058955613,9.082099334476212
78.11514392991239,4.171479931990404,3.5432027187147366,21.75542177247121
78.32540675844805,3.243730182174289,3.588012967683359,36.30893564198322
78.53566958698373,3.380219492114299,3.961222481038203,32.83642649573474
78.7459324155194,4.061453703184945,3.460490290132352,12.16254495642245
78.95619524405507,3.8213221306302363,3.167590898775074,7.139425328784591
79.16645807259074,3.693336484742943,4.1254733301348585,4.377342303949666
79.3767209011264,3.6791125496331256,3.893606966117173,5.001171265794477
79.58698372966207,3.5716519270851372,4.141268344406123,4.916455879412013
79.79724655819776,4.242330967211136,3.416934429199759,4.191870029368617
80.00750938673342,4.007679454627987,3.42278622472095,2.6789301912046164
80.21777221526908,4.318599555003661,4.027451739975704,4.3847770227633305
80.42803504380477,4.127162633192988,3.6393883645272544,3.415913546910138
80.63829787234043,5.334516846396493,4.101810759506658,3.392163821259385
80.84856070087609,12.082113776104784,3.9680227455387325,3.784559381058266
81.05882352941177,17.59475829100675,3.666288568526642,4.277214378250261
81.26908635794743,19.307727856691283,3.5669465939894685,4.143187537301661
81.47934918648309,9.10173871223274,3.681072308195061,4.0303137965301135
81.68961201501878,6.15573247356382,4.680034349944876,3.5982691538950786
81.89987484355444,4.829399358278189,4.112846322169713,4.2060701635275715
82.11013767209012,3.412094427493222,5.777034791893473,5.656247186587377
82.32040050062578,4.1735080695111915,9.634911775264301,9.69836471047371
82.53066332916144,3.383123511383017,26.217337676441332,17.042531037988933
82.74092615769713,4.013184538814583,35.55566867911844,14.251779645703222
82.9511889862328,3.1904032260001034,27.76638492142489,6.482079843383369
83.16145181476845,3.9279755213004366,12.909067647459342,4.0672723638279775
83.37171464330414,4.3386209897476755,8.240103168988266,4.596476921443261
83.5819774718398,3.851485150661229,4.362506804990403,3.6237072943297055
83.79224030037547,3.8302451952323113,3.7785957230563385,4.309732936743697
84.00250312891114,3.7997609978759033,4.305382292932603,3.592308255470771
84.2127659574468,3.869042356253504,3.0827708972972627,3.925604143824835
84.42302878598247,3.667688816766076,3.8699593202005853,4.114762330788408
84.63329161451816,3.656118575124389,3.7954611352163883,3.0087344601007584
84.84355444305382,3.938074066123933,3.4346764810454244,3.6792260055733417
85.05381727158948,3.864031174739272,3.8950687080265993,2.6068505538110047
85.26408010012516,4.156077787895163,4.095330206049003,3.4265221001526345
85.47434292866082,4.019467744631524,3.884153100887763,3.17343481914574
85.68460575719648,3.2771527921533594,3.971318507281886,3.188987052935719
85.89486858573217,4.621139323063123,3.7042471465324094,4.063229626592794
86.10513141426783,4.6782816149089665,4.243654323879108,3.6492057731681697
86.3153942428035,4.89820157996026,3.5936226603028496,3.7169405534872455
86.52565707133918,7.041134753566739,3.5573686527835537,3.8742484421646415
86.73591989987484,9.172020241361148,3.2927083465267875,3.7972138332239633
86.94618272841052,21.163562437664922,3.7104348877605906,4.003805551478381
87.1564455569462,46.11705485370369,3.2574362497521556,3.6186113726351268
87.36670838548184,39.91762176047424,3.7474205424337805,3.4629900410845917
87.57697121401753,23.6066669513684,3.3023044244477116,3.1854500486522
87.78723404255318,9.543859213241118,3.3006431037858057,3.934177702343082
87.99749687108886,6.854651509724391,3.5781282100711276,3.5157110664287305
88.20775969962455,4.994554612613947,3.3721340487267897,3.4886182811742126
88.4180225281602,3.9678684402747297,3.637688759044015,3.7840193499293813
88.62828535669587,4.687270668817071,3.4159429405120134,4.034847091158495
88.83854818523155,4.2517096459498624,3.3452685081559435,3.485461274158325
89.0488110137672,4.25478259132416,3.6143946630053057,3.5008461141201184
89.25907384230287,4.643956628995163,4.356533762010444,3.485376859652703
89.46933667083856,3.04615614332293,3.944855825958753,3.7344015884775406
89.67959949937422,3.8592004578261303,4.078878190171662,3.5037259818765496
89.88986232790988,3.742638324955721,3.755359681520183,3.5694299252439188
90.10012515644557,4.279046672503557,3.321829616746301,3.617147965691662
90.31038798498122,3.4757099996641148,2.738125390797379,4.082965454068803
90.52065081351691,4.048627451838518,3.5973707796735703,3.5486382827408818
90.73091364205256,4.638950960041191,3.8374120005668657,3.730694203045137
90.94117647058823,4.833338982857129,3.791438099631552,3.5542921342307894
91.15143929912392,4.056235086201188,3.1337209794866454,3.7308014702220205
91.36170212765957,4.618863846214457,4.0797417889044985,4.194787239202667
91.57196495619525,5.163691280094063,3.648903210722762,2.7263428761371173
91.78222778473092,4.2104316491626745,3.4025189033224668,3.6730581611873965
91.99249061326658,4.667840236669419,2.80418163561446,3.7061597686790124
92.20275344180224,4.896589680788694,3.6574561849458185,3.6762509162960533
92.41301627033793,5.4581119659706285,3.056145015634478,3.432868490731826
92.6232790988736,6.366571252280865,2.9201564103235635,3.823363193395263
92.83354192740926,9.73444182501447,3.7955612170189155,3.6007134341399634
93.04380475594495,23.161231167872497,4.129981916735711,3.607916164666443
93.2540675844806,35.14475838174268,3.7649658826243426,4.799703445561528
93.46433041301627,32.81997580273898,4.01185094873113,3.892830947208218
93.67459324155193,15.941501588259017,4.434208768077938,3.9748179779043897
93.88485607008761,8.358315444900187,3.5782009425789862,3.4317858227504234
94.09511889862328,5.2109375339070585,3.880937351201004,4.275776805655993
94.30538172715895,5.762954868343818,3.9539133150125703,3.898426990643625
94.51564455569462,4.467288636305163,4.564793645413156,3.9848484398333226
94.7259073842303,4.083456270649543,3.259292475326553,3.6925909788093683
94.93617021276596,3.7765411503564192,2.9961083600631775,4.029765053461247
95.14643304130162,4.198300528730088,3.757358143745659,4.2494695025793146
95.35669586983731,4.332708808000341,3.359589833903454,4.054504943237707
95.56695869837297,4.046587689659554,4.816786649888547,3.762713747440365
95.77722152690863,4.471431869605376,3.809668745402003,3.6528389274554343
95.98748435544432,4.238864620185583,4.482569122518143,3.455545989184364
96.19774718397997,3.468499974994603,3.6610806114659913,3.8708512294805812
96.40801001251565,3.3326939767120787,3.448612599218163,4.315520709472764
96.61827284105131,4.5087547215853405,3.889192832779734,3.9316814426348468
96.82853566958698,4.830482353917881,4.198619570840776,4.016838278225039
97.03879849812266,4.401881630661725,3.5794707807398383,3.1742062489390745
97.24906132665832,4.614960155473997,4.092598357694505,3.7446330667603602
97.459324155194,3.3314326275953587,3.7218818887302696,3.735531197252187
97.66958698372964,4.315012537109681,3.5525829741349786,3.5586748417591574
97.87984981226533,4.511430140139221,3.8131571516465392,4.711846442792088
98.090112640801,4.209006177115516,4.2508433170510775,4.708340697655731
98.30037546933667,5.413795378030748,3.9771771704632295,4.262616503456447
98.51063829787235,4.511571533978945,4.1841395484292105,4.417190142498175
98.72090112640801,5.886485124643645,4.132189859583083,4.541687815038752
98.9311639549437,10.23349640001067,6.696829956976803,8.031030905554006
99.14142678347935,19.375924490629316,10.210234305678412,7.49230858850926
99.35168961201502,31.06034450892263,15.928316139642307,12.595879299780016
99.56195244055068,24.58206534149956,18.768139651573545,8.744292121210146
99.77221526908636,15.60273908250764,13.670341311692805,6.469047743780811
99.98247809762204,9.109260131885993,7.237829446369701,5.30849907657203
100.1927409261577,5.863387452626727,6.203249417762445,4.3755101769949
100.40300375469337,4.202177193873986,5.0167706545837945,4.1421096156722435
100.61326658322902,4.019531938865573,4.295380932551542,3.7605635157492996
100.82352941176471,3.7933424956873956,3.5087323423952035,4.248399264208048
101.03379224030037,4.226137349530573,4.215629241329774,3.6156640777149764
101.24405506883603,4.2065388132120445,3.2659900376248205,3.974713719865691
101.45431789737172,3.680764610901688,4.131040122747124,4.7125629671128655
101.66458072590738,4.216598912343237,3.7934835822972017,4.17950186632471
101.87484355444305,4.146357192993131,3.592022420241479,3.6811612737817656
102.08510638297872,4.240373423458334,4.070549699653752,3.856201764243637
102.2953692115144,3.1748335757440374,4.112285053649758,4.4741575829450255
102.50563204005006,4.062686408776867,4.097525441105099,3.3152136785590853
102.71589486858574,4.089462100704813,3.909783990164779,3.757200783145298
102.92615769712141,4.1102447899249555,4.094571320904298,3.380120836461258
103.13642052565707,3.6656660560940715,3.0966100890972315,3.7225669753755435
103.34668335419275,3.9212469537441264,4.082987769898028,3.6422876310269436
103.5569461827284,4.06985860211013,4.011363708863382,4.556623577050771
103.76720901126409,4.020068708950136,3.379376490368258,3.97754421033443
103.97747183979975,4.068248788648884,3.6090259238882294,3.461541130506676
104.18773466833541,3.4576000377079374,3.531999525254804,3.845063849371096
104.3979974968711,3.530569454973549,4.120155011535642,3.9631738483192387
104.60826032540676,4.280269021312686,3.366508167216828,3.3541111352196187
104.81852315394242,4.759017234898403,4.1625885302888745,3.7795321122968817
105.0287859824781,5.01340337458669,3.2802449499051263,4.138357515198322
105.23904881101377,7.919002392716242,4.488169568708693,3.0731312909899753
105.44931163954942,8.462449831093684,3.9207881704465475,4.057569924493809
105.65957446808511,11.281214093004953,3.9989859875535796,4.448417642513621
105.86983729662079,11.14876771424677,4.117599871708422,4.161672187951521
106.08010012515643,7.3506334114669745,4.265232507745199,4.364314081121912
106.29036295369212,6.5496403613087155,3.823311403833704,3.888908103908447
106.50062578222777,5.249988776800014,2.8465675283646075,3.8202314292349513
106.71088861076346,4.226711108611699,3.84143074328263,3.9710725994914133
106.92115143929912,4.299896218109377,3.9918811050639604,3.9681532749153527
107.13141426783478,3.793327407635437,3.1156986456294646,3.9454044492039144
107.34167709637047,3.606163640869507,3.516356882343703,4.491463944900032
107.55193992490614,4.879420439742691,3.663619226499115,3.5227047110566305
107.7622027534418,2.996933201865286,4.179541018122812,4.33758833138064
107.97246558197747,4.8278762783163796,4.065380430347958,4.015043880399409
108.18272841051315,3.8972573280434695,4.404896419388423,3.42478093660119
108.3929912390488,5.260909835619663,3.486733530852228,4.163945511084098
108.60325406758449,3.92069490678322,3.937598698294581,3.8474252521609666
108.81351689612016,3.6653193464356137,4.471350238914966,3.5561218329684627
109.02377972465581,3.8551879706144874,4.00479311565595,2.9941856872785575
109.2340425531915,4.521929300028237,3.939520718721831,4.361701762181256
109.44430538172715,4.358366951684551,3.4379865879861833,4.773191753484928
109.65456821026282,3.5399969454270788,4.076902575615414,3.842085919134578
109.8648310387985,4.1175125070965946,3.9153095609061794,3.6249709033543356
110.07509386733416,3.570018560289658,3.6064309847590432,4.194112613650045
110.28535669586984,4.561814199916266,4.050291809576337,3.9137269109120965
110.49561952440551,4.653890710656544,4.3106549052120124,4.074410439440986
110.70588235294117,4.808616969128937,4.360075026328557,4.606326607926895
110.91614518147685,5.268864000475578,4.0626568695558944,4.907433926775106
111.12640801001253,6.240731871097695,3.4586683584341573,5.372181924583444
111.33667083854817,8.698785011411216,3.72798609488955,4.598894384265033
111.54693366708386,11.80663075251346,3.346820987170466,6.614889193937593
111.75719649561954,20.786042121950576,3.535710530927618,11.828731097427735
111.96745932415519,28.219280906510974,3.3951554263296932,20.418672774667332
112.17772215269088,31.09496139406019,4.257578012783486,28.16186247619067
112.38798498122652,17.547350822040347,4.02556402551281,23.364086615242815
112.5982478097622,10.569559228248007,4.205893731286568,23.096006439977497
112.80851063829788,7.3283886083514025,4.207070212143388,12.415911080908305
113.01877346683354,5.851939965941034,3.5947055048124694,8.445838256192907
113.22903629536921,5.640072251286594,3.7330306091045062,6.192099036361894
113.43929912390489,4.469573304694268,3.4789921543236857,5.08802179696037
113.64956195244055,4.91448426549292,3.413572301094442,4.737878282460503
113.85982478097621,4.635882015102291,3.7603096233137774,5.322317044327033
114.0700876095119,4.72375370151941,4.35842960798275,4.379693066340289
114.28035043804755,4.790430710172749,3.9208124009408203,3.9502181979635034
114.49061326658322,4.150377171008004,3.802095038400685,5.257803808458106
114.70087609511891,4.049059511625265,4.206325377595147,4.4602018410053725
114.91113892365456,4.434550396757514,4.239037760880868,5.079697078569838
115.12140175219025,4.635340479423898,4.716104083771364,4.962818812473385
115.3316645807259,3.830352783806072,5.103811141428091,4.829851787124426
115.54192740926158,4.299539012733041,4.505231798242414,4.854487822052412
115.75219023779725,4.4198464866244755,4.7989295180602625,5.26383741825065
115.96245306633291,4.586643095954999,5.070370798692418,4.991950759883828
116.17271589486859,4.5825519443982135,5.529131059845825,8.809554130127333
116.38297872340426,4.688576997876887,6.032481360529165,12.611868626296616
116.59324155193993,4.5347699855533845,10.649017760183328,19.27539397658364
116.80350438047559,4.528271313977795,18.375799227907986,25.95247096003469
117.01376720901128,5.226636137575463,26.28397191731366,24.94329729124857
117.22403003754692,4.951435969550016,24.658112205442205,18.804306443856884
117.4342928660826,5.354841721608232,24.77980036334125,12.252217835684482
117.64455569461829,6.511865087439584,13.1251377988929,6.53508445729844
117.85481852315394,9.85031846974632,10.18298686946782,6.441213746634515
118.06508135168961,11.65901020978269,6.614487099344407,6.437141207952154
118.27534418022528,24.061340133459616,5.858520380620511,5.546577104228034
118.48560700876095,34.93723147213457,4.816015412670246,4.53000028175434
118.69586983729661,47.372410932515585,4.680787228081156,5.043454815673064
118.90613266583229,39.48883618806298,4.302740707194037,5.179442339649705
119.11639549436796,29.805806921557444,4.434150742437713,4.367074148949686
119.32665832290364,17.552181265531996,4.751133847629391,3.761792611823616
119.5369211514393,8.784240506379415,4.165931651354761,4.172602759085563
119.74718397997496,7.638639842907611,4.20660330449525,3.9096224547696545
119.95744680851065,5.7487445615527895,4.198622307644362,4.003916281120442
120.1677096370463,5.016208297939145,4.908188364198469,4.795170196879042
120.37797246558198,5.827012318693717,3.7412179726027075,4.531178751080981
120.58823529411767,5.008322081589652,3.9790240461139823,3.1144231166338145
120.79849812265331,5.157607032662474,4.8357088435556115,4.493548422490455
121.00876095118899,3.921998413560163,3.5058700049277802,4.194739903536664
121.21902377972465,4.450755782662023,4.391442448850518,4.030153336819586
121.42928660826033,4.194149893250598,3.658813146059415,4.1275776788989
121.63954943679597,4.4442933609249895,4.323715595112806,3.767242576723386
121.84981226533166,4.35482569673001,3.9165133565410986,3.674268181389397
122.06007509386734,4.728661388536524,4.270143828552196,3.497661986511943
122.27033792240299,4.542515112991247,4.23634242700488,3.8916938706376594
122.48060075093868,4.841294826862484,3.734518550964845,3.7469213449272285
122.69086357947434,4.4244832893943595,4.074224465658934,4.020316964121378
122.90112640801001,4.160726382867065,4.093850948691232,4.108785410717148
123.11138923654568,3.8121362072764704,3.7903962326631695,4.244873337187502
123.32165206508135,4.035277345033951,3.987821495713783,4.265447696280344
123.53191489361704,4.077113426962377,4.229204025435817,3.965879139566742
123.74217772215269,3.4775014762517973,3.7919939392561677,4.500497553618491
123.95244055068837,4.045463172231152,3.6681093646177527,3.8017309866738396
124.16270337922403,4.1809364993064495,3.4997205464585672,3.616283240878508
124.3729662077597,4.101296322390312,4.391421623968935,2.899485016543595
124.58322903629535,5.056254164634183,3.8724523918886753,4.309021098741314
124.79349186483104,3.304584544047625,4.826435594432,4.139856848454747
125.00375469336672,3.9012661980694423,4.350407659876249,4.289798205982233
125.21401752190236,3.6790215612113513,4.4237180961279705,4.12808510802618
125.42428035043805,4.036680929388411,3.4576522999416666,3.772154190722181
125.63454317897371,4.031140044832606,4.559900798726624,3.7134789526485283
125.84480600750938,4.241592730154865,4.638624548276267,4.443940810389213
126.05506883604505,3.8158034509030627,4.268696557002325,4.765503235926416
126.26533166458073,3.7599992430583833,4.857504026778976,4.148505192954493
126.47559449311639,4.403977528832234,3.8256687213647584,3.3555730926792213
126.68585732165207,4.01289335941126,3.80415683308152,4.109323595420432
126.89612015018774,4.215039025906706,4.901468444147761,3.8220072046424747
127.1063829787234,4.217785566098569,3.777785755700911,3.466323279847327
127.31664580725908,4.328689700762124,3.953596116752541,4.263807457740272
127.52690863579473,3.61961077256455,3.992515596246241,4.014863095078791
127.73717146433042,4.425831088801583,4.488192937723808,3.855978826017754
127.94743429286609,4.360660882271072,4.248251357816581,4.410903219228205
128.15769712140175,3.944100918144377,4.301272588302805,3.7777079214488882
128.36795994993741,3.7926528519993985,4.420932722370757,4.354706362843526
128.57822277847308,3.7207521717457595,3.3630337516005477,3.995917955221004
128.78848560700877,4.202573955729411,3.2517692727863543,4.171516447323415
128.99874843554443,3.5462303663362476,3.8386774218231396,3.382039114465376
129.2090112640801,4.271991012283268,4.049977468665361,3.9800712926100537
129.41927409261578,3.9937328032410973,4.310145753453,3.9498546634164797
129.6295369211514,3.686436893295972,3.915496995599691,4.057280498156725
129.83979974968713,4.174621275276768,4.2285915205581865,4.115596530965625
130.0500625782228,4.175528025897498,4.314998408157544,4.5465060871221645
130.26032540675845,4.486830129398135,3.1202427156510057,4.362329314180053
130.47058823529412,3.6149745337652215,3.9167000083194337,4.6454873453439856
130.68085106382978,3.5585008329912013,4.073228106438141,4.215252681733776
130.89111389236544,4.26221816251816,3.472886246632077,4.3543334327004315
131.10137672090113,4.600604296594565,3.4150723958450047,4.3179078345142585
131.31163954943682,3.594174134536088,3.5862973518599977,4.125845853602102
131.52190237797245,3.85293340858893,4.425568497594984,3.5276697733079643
131.73216520650814,4.108368529047348,4.266742033728097,3.801668856943926
131.94242803504378,4.229603289167511,4.1950099697757945,4.375885142370553
132.15269086357947,4.426242200377183,3.5659750651588795,4.134781968068254
132.36295369211516,4.412784912109566,4.6748267798734435,3.9819849367230455
132.57321652065082,4.450972622004062,3.947650958205825,4.446387997226257
132.78347934918648,4.747628647775955,4.5689187039191035,4.2000575489088
132.99374217772214,5.307312961097605,3.4924662211764197,4.625068787687932
133.2040050062578,6.632609917142515,3.7526446280995884,4.22733826088016
133.4142678347935,6.446343755577881,3.6060689254706686,4.430239311664353
133.62453066332918,7.445356563932939,2.9862629255885222,4.404720752887593
133.83479349186484,8.393489506665807,3.8939052442720037,5.113845516268624
134.0450563204005,8.632831067169667,2.5626582146337986,5.017151145952346
134.25531914893617,7.486302291857458,3.890607429935489,4.887598789687905
134.46558197747183,5.9004983761012095,4.501535022212242,4.238538887350137
134.67584480600752,5.256008893798184,4.1729333613058595,4.376401135375292
134.88610763454318,4.399827141456627,3.686859050996184,4.943139176990578
135.09637046307884,4.4800005398218214,3.7456839697641344,4.215839628571307
135.30663329161453,4.0711116939606375,4.296484479355448,4.669047562675813
135.51689612015016,4.387841752229154,4.4383638454088326,3.5985803604249913
135.72715894868585,4.030979765850709,3.7049431190793833,4.677404438397885
135.93742177722154,3.5184037304316917,3.6275494421811105,4.671849124237673
136.1476846057572,4.340455048193575,3.8985796746647687,4.807243273366111
136.35794743429287,4.280137525275525,3.779050823545466,5.715298163554208
136.56821026282853,3.853858505141473,3.9271273227247923,5.178402439524229
136.7784730913642,3.504654003146744,3.775473356563448,6.657934708856601
136.98873591989985,4.178371762560297,3.80561028011199,7.7167067346509475
137.19899874843557,3.939292356302958,4.277707494116626,9.044769025554405
137.4092615769712,4.677848047004459,4.699069427808235,14.297668614473478
137.6195244055069,4.059486347325278,5.835222193368183,14.660091298964955
137.82978723404253,3.6843556546156626,7.253927964791956,19.793467286284947
138.04005006257822,4.16209443829217,7.928857247741162,17.691432444708095
138.2503128911139,3.6215853266011604,9.126529268306294,13.411068170652015
138.46057571964957,3.8970286457677887,10.078720657137795,14.374016823509125
138.67083854818523,4.751714032980223,7.77707377246284,11.419559562488388
138.8811013767209,3.834248203437545,6.66457890746316,6.958891716842426
139.09136420525655,5.11199944082555,6.813838050214374,7.0490654661186944
139.30162703379222,4.582227877045504,6.324285081722316,5.797035908259384
139.51188986232793,4.277750521481366,5.268562075041328,4.560454508706937
139.7221526908636,4.5900120192494684,5.209353462818185,5.293141686575378
139.93241551939926,4.53941834524213,3.4274030414765164,4.7079479858408515
140.14267834793492,5.013008527306493,3.5468753331461165,4.940419887376191
140.35294117647058,5.466338413632662,3.943302923312221,4.691198931348584
140.56320400500624,4.726510963529881,4.015650703588374,4.340954282361922
140.77346683354193,5.665908002711185,4.597546275313297,4.884295519744258
140.9837296620776,5.640655051837309,4.166953135349517,3.7492843388241397
141.19399249061328,6.051960094467318,3.0664999437329037,4.226164515876206
141.40425531914892,5.445674424696546,4.692393324142334,3.7968126678122687
141.6145181476846,7.5007835316442835,4.009345067719878,4.344643916696733
141.8247809762203,8.766702720236381,4.030179803829742,3.9229788332991684
142.03504380475596,13.094397121978265,3.4382080231144005,4.623234787170673
142.24530663329162,15.069307841259842,3.5811067131986256,3.9757024025449645
142.45556946182728,24.263164694118046,4.207886183833224,4.677725416589077
142.66583229036294,27.340548925071765,4.387887283148978,3.61912561561855
142.8760951188986,26.745807386195416,3.5954657532521557,3.8237038782401203
143.08635794743432,29.708293222347194,4.410030026615591,4.586203156939251
143.29662077596996,24.665179918856417,3.6685892005707803,4.16293457947025
143.50688360450565,22.445557360618633,3.6965910005678446,4.549792649268924
143.7171464330413,16.971310058842505,4.2449486862912025,4.263325241871782
143.92740926157697,14.394904517324838,4.453231873911914,3.5315708775604584
144.13767209011263,8.884789074516451,4.537158924783851,3.982705307315647
144.34793491864832,6.8886592615510756,4.054811709876282,4.104628519551899
144.55819774718398,7.498893095241301,4.288238247273624,3.993752776055679
144.76846057571964,5.978294582301812,4.279650927896449,3.6289304273082426
144.9787234042553,5.093201935738607,4.578340577036833,3.5585675495888096
145.188986232791,5.307182507513343,3.6406184489713596,4.07107351495784
145.39924906132666,4.436030689696346,4.256190487161793,4.167273689880646
145.60951188986235,5.293917644622043,3.8681543017154163,4.405869315793065
145.819774718398,5.621022064792976,5.090601385553514,3.9847421931859306
146.03003754693367,5.359051392142179,4.168211720889715,3.676898939519413
146.24030037546933,4.653937689082339,4.303500232052823,4.742676454807739
146.450563204005,4.649366925572939,3.8452761615033038,4.823211238292006
146.6608260325407,4.536555676818487,4.681941380714157,4.641441487100171
146.87108886107634,3.977068737694438,4.337828794568116,4.910788731129554
147.08135168961203,4.674311236708883,4.428844427159013,3.996678533851003
147.29161451814767,4.925527226412461,4.574930346698564,3.9999177382564497
147.50187734668336,4.022492553955371,4.022096224512054,4.589364889458912
147.712140175219,3.9132582130919062,4.2398438345870835,4.911693091397794
147.9224030037547,3.9818895323044368,3.4110924023842575,3.046703333983124
148.13266583229037,4.674008241531748,3.5896052740406366,4.1416275592519565
148.34292866082603,4.177852926738234,3.8435403930174155,4.271834613915882
148.5531914893617,4.736267383643001,4.719852829387477,4.420327636512771
148.76345431789736,4.612021082673323,4.638260279411403,4.009528912115093
148.97371714643302,4.831535175512748,4.257154613083857,4.49284375204151
149.1839799749687,3.8983234578401906,4.234584859157549,3.9743582403073527
149.3942428035044,4.568553422718185,3.4953336663650187,3.6516454880236924
149.60450563204006,4.708068600945498,3.8784585241212852,4.874618716465672
149.81476846057572,5.288211955062299,4.12253967691557,3.673614463754943
150.02503128911138,4.0043317367167015,3.980405458043735,4.001784272855001
150.23529411764707,4.636921818661928,3.971999874588508,4.338751720638026
150.44555694618273,4.253256989616597,3.5234940256128855,4.14823375619897
150.6558197747184,4.740162874619796,3.5047741138926565,3.9432136319869158
150.86608260325406,4.115579472906081,4.3425206694815275,4.098305239193736
151.07634543178975,4.975180140875662,4.486314017062434,3.8138786025086135
151.28660826032538,4.519222981262527,4.532201970974933,5.133492303800373
151.4968710888611,4.700919354614285,4.487799626266656,4.517840325421883
151.70713391739676,5.77616021228522,3.793050773457103,4.760628634957052
151.91739674593242,4.848113846302568,5.008469766724508,4.366618136641213
152.12765957446808,6.073200714541486,3.694315493971557,3.6237669656279494
152.33792240300374,4.741501601264856,4.434770745129359,4.065774420523155
152.5481852315394,6.013654647041023,3.8884088743283813,3.9253126120861275
152.7584480600751,5.472039688192868,4.330914545962377,4.3382009878835905
152.9687108886108,7.14084084203007,4.246372157294961,3.6173066855271507
153.17897371714642,7.277515247961356,4.6463083018491815,4.25226274749302
153.3892365456821,9.461364366203496,4.110637132265987,3.8924486561222578
153.59949937421774,11.139220859012351,4.247705366496543,4.441101890724709
153.80976220275346,11.86575502516007,4.079960659408723,4.024902559639985
154.02002503128912,14.851513880376478,4.272047524296206,4.289291240889904
154.23028785982478,12.899107045321818,3.421330851904929,3.7355765722486085
154.44055068836045,18.025090211816526,3.8440965973136008,4.870692501937801
154.6508135168961,18.566538368507942,4.120650560005374,4.1121784760825095
154.86107634543177,15.307239369503913,3.640405091769445,4.382138383732622
155.07133917396746,17.749607767155567,4.392313861455785,4.440181334486894
155.28160200250315,13.664695518215662,4.505022600620886,4.061109080817976
155.4918648310388,12.684519981683394,4.226453181827839,3.9274981475311876
155.70212765957447,10.426470785477955,4.371704201687068,3.5193407097578815
155.91239048811013,10.092511954515459,4.051620081525466,4.377817258610803
156.1226533166458,9.574103257645554,4.145644665799699,4.260936268700651
156.33291614518149,6.404458192199485,4.501596818627241,3.9836834043095046
156.54317897371715,7.173851456169105,3.923002923474658,4.355004026093974
156.7534418022528,6.467409349792559,3.9498248103927343,4.492420093886053
156.9637046307885,6.780015948540932,4.6330985370763855,4.832500593972809
157.17396745932413,5.108580686243549,4.398763853032255,4.574655413928198
157.38423028785982,4.576558451462683,3.9699074499123386,5.046940886168707
157.5944931163955,5.287848267453201,5.233061888091693,4.658687964495366
157.80475594493117,4.48772434107452,3.01381929586255,4.076595240471853
158.01501877346684,4.9755382610361485,4.281081122977642,4.909129706215535
158.2252816020025,4.774679613985285,4.720663898741947,5.052745113603452
158.43554443053816,4.357684358904366,3.739241257809486,5.244781130575119
158.64580725907385,5.056789324336805,4.229545513550685,3.9814945260410477
158.85607008760954,5.010389767044655,3.6885776509276083,4.159086355077544
159.06633291614517,3.4547415225305995,4.680071706365967,4.556210737489469
159.27659574468086,5.339329343121253,3.876186757782145,4.443689928813229
159.4868585732165,3.9357304921055802,4.084089430881874,4.5108127061980445
159.69712140175218,4.293986861565379,3.7960370239752157,4.553254606723885
159.90738423028787,4.949577327829991,3.7277874860749183,5.36755146646551
160.11764705882354,4.24033041239049,4.042877612373622,4.699088992114976
160.3279098873592,4.388955729352215,3.5203292316971977,4.311718043903151
160.53817271589486,3.7888429286216563,4.264508823600161,4.814240875879622
160.74843554443052,4.62726093765607,3.721025325505743,5.207613718068239
160.95869837296618,4.78935831229262,3.8747774649138047,4.6651412834990005
161.1689612015019,4.269473640632722,4.3863485686526085,4.857825388832346
161.37922403003756,5.055611557548947,3.5054415171203703,5.628421965223726
161.58948685857322,3.9489345355229677,4.400481815019453,5.642799537889001
161.79974968710889,4.412884227532919,4.5327577030849735,7.072957435090473
162.01001251564455,4.359642852618386,4.045277032782872,7.739950851751908
162.22027534418024,4.051576239147265,4.069523848262536,8.086721358457032
162.4305381727159,4.46254309517721,4.652072735840389,9.612410881266797
162.64080100125156,4.537563069380527,4.886973538811058,9.422199562018992
162.85106382978725,4.129843306255418,3.9017661224005007,8.662710679911797
163.06132665832288,4.683247343816372,4.364125870503444,11.815518587944448
163.27158948685857,4.475533158935086,4.527755284178848,11.860304457907379
163.48185231539426,4.543768595743669,4.2658697528201746,12.018145176092421
163.69211514392993,3.354408415415336,4.360796612867133,11.54302028200385
163.9023779724656,4.595109755178453,4.0775278416538585,14.151106863145445
164.11264080100125,3.674576393202065,4.11143043547549,11.947195445186356
164.3229036295369,3.7468466522337374,3.9941408038117534,10.54848222374867
164.53316645807257,4.717740864178251,4.019228687310078,10.966313261979245
164.7434292866083,3.837816050469243,4.391525225834538,10.644746610441263
164.95369211514392,3.8243813730104557,4.967621039294348,8.14494891477652
165.1639549436796,4.607530456096523,3.6507585185448925,9.515122186919077
165.37421777221525,3.80899685458697,4.3647236917144046,7.43073918202108
165.58448060075094,3.623014857272209,4.161772328431011,6.434998270452446
165.7947434292866,3.6991227032966174,3.8305889149172527,7.133415576762203
166.0050062578223,4.027123853964986,4.745386225014668,7.265133726487894
166.21526908635795,4.241430632568228,4.619629822976324,5.0330163554389795
166.4255319148936,4.6088573911626876,4.259672474201104,6.655847998255709
166.63579474342927,4.707966342659881,3.9976988021816906,6.502147984728318
166.84605757196493,4.626140473454118,4.4803338811018705,6.520982926408695
167.05632040050065,4.341090746892459,4.315649685605912,5.537627346701178
167.2665832290363,4.544231901005106,4.045576815761581,4.584757988368075
167.47684605757198,4.695128613066629,3.9567376795539397,5.885146849409163
167.68710888610764,4.009353904213438,4.470672681103933,4.6563375507637925
167.8973717146433,4.329949494822868,4.055521619383399,5.777071151234475
168.10763454317896,3.516305698985513,4.072668920044319,4.491795511067162
168.31789737171465,4.529436474989482,4.1707793096329535,5.1297653263233185
168.5281602002503,4.194784674786751,4.405341788004384,5.182915959339291
168.738423028786,4.72671105123974,4.0147600016731655,4.495504146411762
168.94868585732164,4.923281055340182,4.822488814115435,4.8290105125029905
169.15894868585733,4.608253686128303,4.407021272107531,3.8788592168468594
169.36921151439296,3.9230385289462046,4.137836709174715,3.691305891726896
169.57947434292868,4.182481855685297,4.124335426222375,4.192427586565781
169.78973717146434,4.758899058733145,3.381400184837038,5.165909977137809
170.0,4.282501126470439,4.810027322127259,4.639369046239135
